{
  "create:root": {
    "criteria": {
      "0": "2024-05-24 21:51:57 +0000"
    },
    "done": true
  },
  "minecraft:recipes/decorations/crafting_table": {
    "criteria": {
      "unlock_right_away": "2024-05-24 21:51:57 +0000"
    },
    "done": true
  },
  "betterdungeons:root": {
    "criteria": {
      "always": "2024-05-24 21:51:57 +0000"
    },
    "done": true
  },
  "farmersdelight:main/root": {
    "criteria": {
      "seeds": "2024-05-24 21:51:57 +0000"
    },
    "done": true
  },
  "minecraft:adventure/adventuring_time": {
    "criteria": {
      "minecraft:birch_forest": "2024-05-24 21:54:07 +0000",
      "minecraft:beach": "2024-05-24 21:53:53 +0000",
      "minecraft:river": "2024-05-24 21:53:59 +0000",
      "minecraft:forest": "2024-05-24 21:52:06 +0000",
      "minecraft:ocean": "2024-05-24 21:53:56 +0000"
    },
    "done": false
  },
  "DataVersion": 3465
}