{
  "minecraft:recipes/decorations/crafting_table": {
    "criteria": {
      "unlock_right_away": "2024-05-20 15:20:44 +0000"
    },
    "done": true
  },
  "minecraft:adventure/adventuring_time": {
    "criteria": {
      "minecraft:birch_forest": "2024-05-20 15:20:59 +0000",
      "minecraft:river": "2024-05-20 15:20:56 +0000",
      "minecraft:stony_shore": "2024-05-20 15:21:11 +0000",
      "minecraft:forest": "2024-05-20 15:24:01 +0000",
      "minecraft:old_growth_birch_forest": "2024-05-20 15:20:44 +0000"
    },
    "done": false
  },
  "DataVersion": 3465
}