{
  "minecraft:recipes/decorations/crafting_table": {
    "criteria": {
      "unlock_right_away": "2024-05-22 23:25:04 +0000"
    },
    "done": true
  },
  "minecraft:end/elytra": {
    "criteria": {
      "elytra": "2024-05-22 23:25:37 +0000"
    },
    "done": true
  },
  "minecraft:adventure/adventuring_time": {
    "criteria": {
      "minecraft:river": "2024-05-22 23:26:14 +0000",
      "minecraft:forest": "2024-05-22 23:25:24 +0000",
      "minecraft:savanna": "2024-05-22 23:25:05 +0000",
      "minecraft:plains": "2024-05-22 23:25:15 +0000"
    },
    "done": false
  },
  "DataVersion": 3465
}